OrderID,Date,Customer,Region,Category,MenuItem,Quantity,Price,Sales
1001,01-01-2023,Customer_58,North,Asian,Salad,4,657,2628
1002,01-01-2023,Customer_13,South,Fast Food,Salad,5,675,3375
1003,01-01-2023,Customer_141,West,Main Course,Tacos,3,229,687
1004,01-01-2023,Customer_126,North,Fast Food,Tacos,5,921,4605
1005,02-01-2023,Customer_115,North,Asian,Sushi,5,462,2310
1006,02-01-2023,Customer_72,West,Healthy,Curry,2,804,1608
1007,02-01-2023,Customer_53,West,Asian,Salad,3,918,2754
1008,03-01-2023,Customer_280,East,Healthy,Sandwich,3,792,2376
1009,03-01-2023,Customer_45,North,Asian,Curry,3,391,1173
1010,03-01-2023,Customer_217,West,Main Course,Salad,5,470,2350
1011,04-01-2023,Customer_17,South,Healthy,Noodles,4,893,3572
1012,04-01-2023,Customer_16,North,Healthy,Steak,3,128,384
1013,04-01-2023,Customer_48,East,Fast Food,Tacos,5,248,1240
1014,04-01-2023,Customer_112,West,Asian,Steak,2,878,1756
1015,05-01-2023,Customer_120,North,Continental,Burger,4,395,1580
1016,05-01-2023,Customer_259,North,Continental,Pizza,2,110,220
1017,05-01-2023,Customer_14,West,Fast Food,Noodles,4,611,2444
1018,06-01-2023,Customer_288,West,Asian,Sushi,5,775,3875
1019,06-01-2023,Customer_102,West,Main Course,Noodles,1,212,212
1020,06-01-2023,Customer_280,North,Fast Food,Steak,4,286,1144
1021,07-01-2023,Customer_215,West,Healthy,Steak,2,906,1812
1022,07-01-2023,Customer_113,West,Main Course,Salad,5,843,4215
1023,07-01-2023,Customer_230,North,Asian,Salad,4,326,1304
1024,07-01-2023,Customer_143,North,Healthy,Burger,1,409,409
1025,08-01-2023,Customer_4,East,Continental,Curry,1,197,197
1026,08-01-2023,Customer_82,South,Asian,Burger,3,154,462
1027,08-01-2023,Customer_217,North,Healthy,Sushi,3,722,2166
1028,09-01-2023,Customer_175,South,Asian,Salad,2,763,1526
1029,09-01-2023,Customer_143,East,Healthy,Sushi,4,857,3428
1030,09-01-2023,Customer_80,East,Asian,Salad,4,505,2020
1031,10-01-2023,Customer_111,West,Continental,Salad,3,168,504
1032,10-01-2023,Customer_173,East,Fast Food,Salad,4,411,1644
1033,10-01-2023,Customer_53,West,Healthy,Sandwich,4,388,1552
1034,11-01-2023,Customer_48,West,Healthy,Pasta,1,861,861
1035,11-01-2023,Customer_195,North,Continental,Noodles,3,647,1941
1036,11-01-2023,Customer_50,North,Fast Food,Sandwich,5,850,4250
1037,11-01-2023,Customer_184,South,Asian,Pizza,3,247,741
1038,12-01-2023,Customer_177,West,Healthy,Steak,5,566,2830
1039,12-01-2023,Customer_136,West,Fast Food,Tacos,1,838,838
1040,12-01-2023,Customer_23,South,Asian,Sushi,2,343,686
1041,13-01-2023,Customer_236,West,Healthy,Pasta,4,590,2360
1042,13-01-2023,Customer_275,East,Healthy,Pizza,1,948,948
1043,13-01-2023,Customer_64,West,Asian,Curry,4,606,2424
1044,14-01-2023,Customer_194,West,Continental,Salad,2,464,928
1045,14-01-2023,Customer_41,West,Fast Food,Salad,2,581,1162
1046,14-01-2023,Customer_283,North,Healthy,Tacos,1,300,300
1047,14-01-2023,Customer_151,East,Asian,Tacos,2,253,506
1048,15-01-2023,Customer_186,West,Healthy,Tacos,5,549,2745
1049,15-01-2023,Customer_296,East,Asian,Pizza,2,600,1200
1050,15-01-2023,Customer_99,East,Healthy,Steak,4,172,688
1051,16-01-2023,Customer_36,East,Main Course,Steak,4,812,3248
1052,16-01-2023,Customer_24,South,Continental,Sandwich,4,395,1580
1053,16-01-2023,Customer_117,West,Fast Food,Sushi,4,116,464
1054,17-01-2023,Customer_149,North,Continental,Sandwich,5,740,3700
1055,17-01-2023,Customer_41,North,Continental,Noodles,3,316,948
1056,17-01-2023,Customer_120,North,Fast Food,Curry,1,160,160
1057,18-01-2023,Customer_52,North,Continental,Sushi,4,715,2860
1058,18-01-2023,Customer_195,West,Main Course,Noodles,2,141,282
1059,18-01-2023,Customer_143,North,Asian,Salad,4,124,496
1060,18-01-2023,Customer_233,East,Fast Food,Pasta,2,138,276
1061,19-01-2023,Customer_187,South,Asian,Noodles,2,902,1804
1062,19-01-2023,Customer_84,North,Healthy,Pasta,4,230,920
1063,19-01-2023,Customer_190,East,Main Course,Salad,5,597,2985
1064,20-01-2023,Customer_182,North,Asian,Burger,2,328,656
1065,20-01-2023,Customer_108,West,Asian,Curry,2,207,414
1066,20-01-2023,Customer_137,East,Fast Food,Pasta,4,271,1084
1067,21-01-2023,Customer_37,West,Healthy,Salad,2,534,1068
1068,21-01-2023,Customer_88,North,Fast Food,Noodles,2,577,1154
1069,21-01-2023,Customer_274,East,Healthy,Pasta,4,201,804
1070,21-01-2023,Customer_126,East,Fast Food,Sushi,4,965,3860
1071,22-01-2023,Customer_84,East,Asian,Burger,1,623,623
1072,22-01-2023,Customer_237,North,Asian,Sandwich,5,374,1870
1073,22-01-2023,Customer_195,South,Main Course,Sushi,5,712,3560
1074,23-01-2023,Customer_139,South,Asian,Sandwich,2,143,286
1075,23-01-2023,Customer_286,West,Continental,Salad,5,916,4580
1076,23-01-2023,Customer_113,South,Asian,Tacos,2,116,232
1077,24-01-2023,Customer_167,North,Continental,Sushi,1,429,429
1078,24-01-2023,Customer_29,East,Asian,Sushi,4,668,2672
1079,24-01-2023,Customer_118,East,Continental,Salad,4,922,3688
1080,24-01-2023,Customer_17,North,Continental,Steak,4,596,2384
1081,25-01-2023,Customer_162,East,Asian,Salad,5,914,4570
1082,25-01-2023,Customer_206,South,Continental,Curry,1,111,111
1083,25-01-2023,Customer_138,West,Main Course,Burger,5,417,2085
1084,26-01-2023,Customer_34,North,Healthy,Curry,5,691,3455
1085,26-01-2023,Customer_109,East,Continental,Pizza,1,315,315
1086,26-01-2023,Customer_291,North,Continental,Steak,1,438,438
1087,27-01-2023,Customer_162,South,Main Course,Steak,1,875,875
1088,27-01-2023,Customer_109,East,Main Course,Steak,1,760,760
1089,27-01-2023,Customer_256,East,Fast Food,Burger,4,180,720
1090,28-01-2023,Customer_203,East,Healthy,Curry,3,826,2478
1091,28-01-2023,Customer_235,East,Fast Food,Sandwich,3,584,1752
1092,28-01-2023,Customer_74,North,Continental,Noodles,1,473,473
1093,28-01-2023,Customer_136,South,Main Course,Burger,3,809,2427
1094,29-01-2023,Customer_72,South,Continental,Tacos,3,299,897
1095,29-01-2023,Customer_127,West,Asian,Noodles,1,636,636
1096,29-01-2023,Customer_288,North,Healthy,Salad,3,565,1695
1097,30-01-2023,Customer_276,South,Asian,Tacos,5,188,940
1098,30-01-2023,Customer_135,North,Main Course,Pizza,2,367,734
1099,30-01-2023,Customer_300,North,Main Course,Pasta,2,754,1508
1100,31-01-2023,Customer_220,South,Main Course,Pasta,1,670,670
1101,31-01-2023,Customer_299,West,Healthy,Sandwich,4,588,2352
1102,31-01-2023,Customer_205,West,Fast Food,Sushi,1,976,976
1103,31-01-2023,Customer_186,West,Continental,Tacos,4,637,2548
1104,01-02-2023,Customer_113,East,Continental,Steak,2,146,292
1105,01-02-2023,Customer_71,South,Continental,Curry,1,387,387
1106,01-02-2023,Customer_261,East,Continental,Pasta,5,877,4385
1107,02-02-2023,Customer_253,East,Continental,Sushi,3,115,345
1108,02-02-2023,Customer_47,East,Fast Food,Pasta,4,810,3240
1109,02-02-2023,Customer_25,North,Asian,Burger,3,500,1500
1110,03-02-2023,Customer_57,North,Healthy,Curry,3,893,2679
1111,03-02-2023,Customer_79,South,Asian,Sushi,1,185,185
1112,03-02-2023,Customer_82,South,Asian,Pasta,3,349,1047
1113,04-02-2023,Customer_217,North,Continental,Sushi,5,490,2450
1114,04-02-2023,Customer_33,North,Continental,Pizza,3,881,2643
1115,04-02-2023,Customer_198,East,Fast Food,Pizza,1,434,434
1116,04-02-2023,Customer_196,West,Healthy,Curry,5,728,3640
1117,05-02-2023,Customer_240,West,Main Course,Salad,2,618,1236
1118,05-02-2023,Customer_271,West,Asian,Sandwich,3,236,708
1119,05-02-2023,Customer_129,West,Main Course,Pasta,1,982,982
1120,06-02-2023,Customer_284,West,Healthy,Steak,2,787,1574
1121,06-02-2023,Customer_6,East,Asian,Pasta,2,939,1878
1122,06-02-2023,Customer_59,South,Main Course,Curry,4,597,2388
1123,07-02-2023,Customer_275,North,Main Course,Burger,5,926,4630
1124,07-02-2023,Customer_137,East,Fast Food,Pasta,3,826,2478
1125,07-02-2023,Customer_175,West,Healthy,Steak,1,576,576
1126,07-02-2023,Customer_58,North,Healthy,Tacos,4,693,2772
1127,08-02-2023,Customer_151,East,Healthy,Tacos,5,322,1610
1128,08-02-2023,Customer_223,West,Asian,Tacos,4,471,1884
1129,08-02-2023,Customer_81,East,Fast Food,Tacos,5,501,2505
1130,09-02-2023,Customer_233,North,Continental,Curry,5,542,2710
1131,09-02-2023,Customer_2,South,Asian,Tacos,3,589,1767
1132,09-02-2023,Customer_135,West,Healthy,Pizza,5,714,3570
1133,10-02-2023,Customer_257,North,Asian,Pizza,4,372,1488
1134,10-02-2023,Customer_92,North,Main Course,Noodles,5,625,3125
1135,10-02-2023,Customer_260,South,Asian,Sandwich,3,258,774
1136,10-02-2023,Customer_55,East,Asian,Sushi,3,251,753
1137,11-02-2023,Customer_153,South,Healthy,Pizza,4,719,2876
1138,11-02-2023,Customer_260,South,Main Course,Sushi,2,287,574
1139,11-02-2023,Customer_102,East,Healthy,Noodles,2,912,1824
1140,12-02-2023,Customer_79,East,Main Course,Sandwich,5,197,985
1141,12-02-2023,Customer_192,East,Main Course,Pizza,1,230,230
1142,12-02-2023,Customer_83,North,Main Course,Pizza,5,904,4520
1143,13-02-2023,Customer_277,North,Healthy,Sandwich,4,270,1080
1144,13-02-2023,Customer_272,West,Main Course,Sandwich,4,282,1128
1145,13-02-2023,Customer_1,West,Fast Food,Sushi,4,463,1852
1146,14-02-2023,Customer_166,South,Fast Food,Salad,4,138,552
1147,14-02-2023,Customer_251,South,Continental,Pasta,4,626,2504
1148,14-02-2023,Customer_10,West,Fast Food,Burger,3,987,2961
1149,14-02-2023,Customer_58,South,Continental,Tacos,2,596,1192
1150,15-02-2023,Customer_186,East,Fast Food,Noodles,4,615,2460
1151,15-02-2023,Customer_158,North,Healthy,Steak,1,448,448
1152,15-02-2023,Customer_123,West,Continental,Salad,1,496,496
1153,16-02-2023,Customer_30,North,Asian,Pasta,1,821,821
1154,16-02-2023,Customer_124,West,Asian,Burger,1,260,260
1155,16-02-2023,Customer_291,North,Fast Food,Pizza,3,115,345
1156,17-02-2023,Customer_41,West,Asian,Salad,1,592,592
1157,17-02-2023,Customer_44,North,Fast Food,Salad,4,525,2100
1158,17-02-2023,Customer_249,East,Fast Food,Curry,5,207,1035
1159,17-02-2023,Customer_36,West,Asian,Noodles,1,993,993
1160,18-02-2023,Customer_273,West,Asian,Steak,3,549,1647
1161,18-02-2023,Customer_65,West,Main Course,Noodles,3,410,1230
1162,18-02-2023,Customer_66,East,Continental,Sushi,1,838,838
1163,19-02-2023,Customer_244,North,Fast Food,Tacos,5,269,1345
1164,19-02-2023,Customer_282,West,Asian,Pasta,1,645,645
1165,19-02-2023,Customer_85,North,Continental,Sushi,3,513,1539
1166,20-02-2023,Customer_136,East,Asian,Curry,2,350,700
1167,20-02-2023,Customer_271,South,Asian,Sushi,4,858,3432
1168,20-02-2023,Customer_217,West,Main Course,Sandwich,3,880,2640
1169,21-02-2023,Customer_109,East,Fast Food,Pasta,1,240,240
1170,21-02-2023,Customer_277,North,Fast Food,Tacos,4,373,1492
1171,21-02-2023,Customer_103,West,Healthy,Pizza,1,515,515
1172,21-02-2023,Customer_160,North,Main Course,Sandwich,1,707,707
1173,22-02-2023,Customer_205,South,Continental,Sandwich,2,838,1676
1174,22-02-2023,Customer_192,West,Main Course,Pasta,4,990,3960
1175,22-02-2023,Customer_225,West,Continental,Sandwich,4,138,552
1176,23-02-2023,Customer_265,North,Fast Food,Pizza,2,913,1826
1177,23-02-2023,Customer_232,West,Healthy,Steak,3,128,384
1178,23-02-2023,Customer_62,East,Healthy,Noodles,1,576,576
1179,24-02-2023,Customer_127,East,Fast Food,Pasta,5,417,2085
1180,24-02-2023,Customer_116,South,Asian,Burger,1,344,344
1181,24-02-2023,Customer_33,East,Main Course,Sushi,1,847,847
1182,24-02-2023,Customer_174,South,Healthy,Pizza,3,796,2388
1183,25-02-2023,Customer_11,North,Asian,Tacos,1,371,371
1184,25-02-2023,Customer_284,North,Continental,Salad,2,539,1078
1185,25-02-2023,Customer_118,South,Healthy,Noodles,2,847,1694
1186,26-02-2023,Customer_113,East,Continental,Steak,4,338,1352
1187,26-02-2023,Customer_4,East,Asian,Pizza,5,476,2380
1188,26-02-2023,Customer_37,South,Continental,Steak,1,365,365
1189,27-02-2023,Customer_31,South,Asian,Pizza,1,458,458
1190,27-02-2023,Customer_118,North,Continental,Burger,3,439,1317
1191,27-02-2023,Customer_35,South,Main Course,Pizza,2,488,976
1192,27-02-2023,Customer_17,East,Healthy,Pizza,5,676,3380
1193,28-02-2023,Customer_170,South,Healthy,Burger,4,788,3152
1194,28-02-2023,Customer_37,South,Asian,Tacos,2,102,204
1195,28-02-2023,Customer_264,South,Continental,Curry,4,528,2112
1196,01-03-2023,Customer_122,North,Fast Food,Tacos,3,241,723
1197,01-03-2023,Customer_143,South,Healthy,Burger,3,475,1425
1198,01-03-2023,Customer_249,West,Continental,Noodles,1,769,769
1199,02-03-2023,Customer_110,West,Continental,Salad,5,423,2115
1200,02-03-2023,Customer_277,West,Main Course,Curry,4,245,980
1201,02-03-2023,Customer_68,East,Fast Food,Pasta,2,392,784
1202,03-03-2023,Customer_293,East,Healthy,Sandwich,3,764,2292
1203,03-03-2023,Customer_296,South,Main Course,Pizza,1,531,531
1204,03-03-2023,Customer_243,West,Fast Food,Salad,1,804,804
1205,03-03-2023,Customer_125,North,Healthy,Tacos,4,684,2736
1206,04-03-2023,Customer_243,West,Main Course,Burger,3,498,1494
1207,04-03-2023,Customer_209,West,Fast Food,Noodles,5,916,4580
1208,04-03-2023,Customer_98,East,Healthy,Salad,3,988,2964
1209,05-03-2023,Customer_49,East,Fast Food,Steak,4,443,1772
1210,05-03-2023,Customer_50,North,Continental,Steak,4,239,956
1211,05-03-2023,Customer_221,East,Asian,Pasta,3,286,858
1212,06-03-2023,Customer_182,North,Asian,Tacos,4,904,3616
1213,06-03-2023,Customer_217,East,Continental,Burger,3,160,480
1214,06-03-2023,Customer_211,West,Fast Food,Noodles,2,479,958
1215,06-03-2023,Customer_240,West,Continental,Steak,3,809,2427
1216,07-03-2023,Customer_28,North,Asian,Burger,3,906,2718
1217,07-03-2023,Customer_51,North,Asian,Salad,4,539,2156
1218,07-03-2023,Customer_32,East,Fast Food,Burger,4,418,1672
1219,08-03-2023,Customer_207,East,Asian,Burger,1,401,401
1220,08-03-2023,Customer_174,North,Continental,Curry,1,443,443
1221,08-03-2023,Customer_56,North,Fast Food,Sandwich,2,110,220
1222,09-03-2023,Customer_128,West,Continental,Steak,1,161,161
1223,09-03-2023,Customer_99,West,Fast Food,Sandwich,3,944,2832
1224,09-03-2023,Customer_98,North,Asian,Salad,4,325,1300
1225,10-03-2023,Customer_275,West,Healthy,Noodles,1,252,252
1226,10-03-2023,Customer_230,South,Fast Food,Sandwich,1,810,810
1227,10-03-2023,Customer_72,East,Fast Food,Sushi,2,663,1326
1228,10-03-2023,Customer_217,West,Healthy,Tacos,2,871,1742
1229,11-03-2023,Customer_94,South,Asian,Salad,3,670,2010
1230,11-03-2023,Customer_143,North,Continental,Pasta,4,683,2732
1231,11-03-2023,Customer_237,West,Main Course,Pizza,2,759,1518
1232,12-03-2023,Customer_128,North,Healthy,Noodles,1,960,960
1233,12-03-2023,Customer_39,East,Main Course,Curry,4,674,2696
1234,12-03-2023,Customer_227,North,Asian,Sandwich,4,409,1636
1235,13-03-2023,Customer_282,South,Fast Food,Curry,1,984,984
1236,13-03-2023,Customer_51,North,Fast Food,Sushi,2,342,684
1237,13-03-2023,Customer_26,South,Asian,Sandwich,1,592,592
1238,13-03-2023,Customer_277,West,Continental,Pizza,4,465,1860
1239,14-03-2023,Customer_8,West,Continental,Pizza,5,429,2145
1240,14-03-2023,Customer_48,South,Asian,Burger,5,206,1030
1241,14-03-2023,Customer_122,East,Asian,Burger,3,325,975
1242,15-03-2023,Customer_86,East,Asian,Steak,1,924,924
1243,15-03-2023,Customer_209,East,Asian,Curry,1,317,317
1244,15-03-2023,Customer_249,West,Asian,Pasta,3,852,2556
1245,16-03-2023,Customer_247,West,Asian,Burger,3,605,1815
1246,16-03-2023,Customer_110,East,Fast Food,Noodles,3,358,1074
1247,16-03-2023,Customer_206,North,Main Course,Burger,4,987,3948
1248,16-03-2023,Customer_31,East,Continental,Burger,1,873,873
1249,17-03-2023,Customer_85,North,Main Course,Salad,4,616,2464
1250,17-03-2023,Customer_195,East,Fast Food,Sandwich,3,872,2616
1251,17-03-2023,Customer_2,North,Healthy,Curry,1,153,153
1252,18-03-2023,Customer_200,West,Main Course,Salad,4,146,584
1253,18-03-2023,Customer_136,East,Healthy,Salad,4,826,3304
1254,18-03-2023,Customer_233,East,Fast Food,Curry,3,788,2364
1255,19-03-2023,Customer_147,South,Continental,Pizza,1,620,620
1256,19-03-2023,Customer_217,East,Healthy,Burger,3,198,594
1257,19-03-2023,Customer_285,North,Fast Food,Pasta,1,119,119
1258,20-03-2023,Customer_250,South,Asian,Pizza,5,989,4945
1259,20-03-2023,Customer_80,East,Continental,Salad,2,852,1704
1260,20-03-2023,Customer_98,East,Asian,Sushi,2,672,1344
1261,20-03-2023,Customer_152,West,Continental,Sushi,2,990,1980
1262,21-03-2023,Customer_112,South,Continental,Tacos,3,589,1767
1263,21-03-2023,Customer_30,North,Main Course,Burger,5,518,2590
1264,21-03-2023,Customer_297,East,Continental,Burger,1,789,789
1265,22-03-2023,Customer_278,West,Main Course,Pizza,4,949,3796
1266,22-03-2023,Customer_32,East,Healthy,Pizza,1,161,161
1267,22-03-2023,Customer_161,South,Continental,Pasta,4,244,976
1268,23-03-2023,Customer_30,North,Healthy,Pasta,1,315,315
1269,23-03-2023,Customer_26,West,Continental,Sushi,5,102,510
1270,23-03-2023,Customer_300,East,Main Course,Sushi,4,259,1036
1271,23-03-2023,Customer_245,North,Asian,Curry,3,838,2514
1272,24-03-2023,Customer_258,East,Continental,Steak,1,880,880
1273,24-03-2023,Customer_272,East,Fast Food,Salad,1,219,219
1274,24-03-2023,Customer_81,South,Asian,Burger,4,992,3968
1275,25-03-2023,Customer_30,South,Main Course,Sushi,3,188,564
1276,25-03-2023,Customer_261,East,Fast Food,Sushi,3,428,1284
1277,25-03-2023,Customer_42,West,Healthy,Pasta,5,679,3395
1278,26-03-2023,Customer_96,South,Main Course,Burger,3,456,1368
1279,26-03-2023,Customer_36,South,Asian,Tacos,3,709,2127
1280,26-03-2023,Customer_35,South,Healthy,Tacos,3,366,1098
1281,27-03-2023,Customer_121,South,Healthy,Curry,2,716,1432
1282,27-03-2023,Customer_207,North,Main Course,Salad,5,422,2110
1283,27-03-2023,Customer_62,East,Asian,Tacos,1,734,734
1284,27-03-2023,Customer_292,North,Main Course,Curry,4,640,2560
1285,28-03-2023,Customer_127,North,Fast Food,Tacos,1,748,748
1286,28-03-2023,Customer_297,East,Fast Food,Pasta,5,294,1470
1287,28-03-2023,Customer_21,South,Continental,Burger,4,837,3348
1288,29-03-2023,Customer_42,West,Healthy,Pasta,5,431,2155
1289,29-03-2023,Customer_215,South,Continental,Pizza,3,269,807
1290,29-03-2023,Customer_299,South,Asian,Pasta,4,620,2480
1291,30-03-2023,Customer_290,South,Fast Food,Burger,3,562,1686
1292,30-03-2023,Customer_268,South,Continental,Tacos,1,139,139
1293,30-03-2023,Customer_162,West,Fast Food,Steak,1,636,636
1294,30-03-2023,Customer_134,North,Fast Food,Curry,4,360,1440
1295,31-03-2023,Customer_105,West,Fast Food,Steak,4,494,1976
1296,31-03-2023,Customer_161,East,Main Course,Curry,5,325,1625
1297,31-03-2023,Customer_123,South,Continental,Pasta,5,223,1115
1298,01-04-2023,Customer_136,West,Healthy,Steak,3,137,411
1299,01-04-2023,Customer_203,East,Continental,Tacos,4,427,1708
1300,01-04-2023,Customer_68,West,Healthy,Sushi,1,350,350
1301,02-04-2023,Customer_154,South,Continental,Steak,5,275,1375
1302,02-04-2023,Customer_235,South,Continental,Pizza,5,701,3505
1303,02-04-2023,Customer_162,East,Fast Food,Pasta,1,553,553
1304,02-04-2023,Customer_38,West,Healthy,Curry,5,136,680
1305,03-04-2023,Customer_5,South,Healthy,Curry,3,415,1245
1306,03-04-2023,Customer_235,East,Healthy,Burger,4,787,3148
1307,03-04-2023,Customer_289,West,Continental,Tacos,1,895,895
1308,04-04-2023,Customer_52,West,Healthy,Curry,4,692,2768
1309,04-04-2023,Customer_38,East,Continental,Pizza,5,213,1065
1310,04-04-2023,Customer_276,West,Main Course,Burger,5,139,695
1311,05-04-2023,Customer_110,West,Fast Food,Salad,1,400,400
1312,05-04-2023,Customer_260,South,Asian,Sushi,3,323,969
1313,05-04-2023,Customer_136,South,Main Course,Pizza,2,417,834
1314,06-04-2023,Customer_68,South,Healthy,Noodles,1,448,448
1315,06-04-2023,Customer_179,East,Fast Food,Steak,2,214,428
1316,06-04-2023,Customer_36,North,Fast Food,Steak,2,797,1594
1317,06-04-2023,Customer_126,West,Fast Food,Sandwich,3,422,1266
1318,07-04-2023,Customer_190,East,Fast Food,Sushi,2,667,1334
1319,07-04-2023,Customer_146,North,Healthy,Noodles,2,139,278
1320,07-04-2023,Customer_81,North,Fast Food,Noodles,3,965,2895
1321,08-04-2023,Customer_225,East,Asian,Steak,2,139,278
1322,08-04-2023,Customer_279,North,Asian,Burger,2,958,1916
1323,08-04-2023,Customer_155,South,Fast Food,Tacos,2,848,1696
1324,09-04-2023,Customer_271,East,Continental,Sandwich,1,388,388
1325,09-04-2023,Customer_5,West,Healthy,Curry,1,361,361
1326,09-04-2023,Customer_284,South,Asian,Sushi,1,315,315
1327,09-04-2023,Customer_154,West,Asian,Tacos,3,246,738
1328,10-04-2023,Customer_54,North,Asian,Pasta,5,435,2175
1329,10-04-2023,Customer_69,South,Main Course,Noodles,2,267,534
1330,10-04-2023,Customer_136,West,Main Course,Steak,2,191,382
1331,11-04-2023,Customer_60,East,Asian,Pizza,3,452,1356
1332,11-04-2023,Customer_55,North,Continental,Pizza,2,670,1340
1333,11-04-2023,Customer_284,West,Healthy,Pasta,1,670,670
1334,12-04-2023,Customer_80,North,Healthy,Noodles,5,915,4575
1335,12-04-2023,Customer_140,West,Asian,Curry,4,780,3120
1336,12-04-2023,Customer_145,East,Asian,Curry,2,880,1760
1337,13-04-2023,Customer_108,South,Healthy,Pasta,1,462,462
1338,13-04-2023,Customer_176,West,Continental,Burger,4,656,2624
1339,13-04-2023,Customer_105,North,Main Course,Curry,5,444,2220
1340,13-04-2023,Customer_136,East,Main Course,Sushi,4,792,3168
1341,14-04-2023,Customer_259,South,Asian,Sandwich,1,269,269
1342,14-04-2023,Customer_251,North,Healthy,Sushi,4,455,1820
1343,14-04-2023,Customer_129,East,Main Course,Salad,3,290,870
1344,15-04-2023,Customer_27,North,Continental,Pizza,4,766,3064
1345,15-04-2023,Customer_48,East,Asian,Noodles,2,521,1042
1346,15-04-2023,Customer_217,South,Fast Food,Sandwich,2,799,1598
1347,16-04-2023,Customer_142,South,Asian,Noodles,3,106,318
1348,16-04-2023,Customer_23,North,Fast Food,Tacos,1,232,232
1349,16-04-2023,Customer_2,East,Asian,Tacos,2,846,1692
1350,16-04-2023,Customer_171,West,Healthy,Sandwich,5,656,3280
1351,17-04-2023,Customer_67,South,Healthy,Burger,2,925,1850
1352,17-04-2023,Customer_135,West,Healthy,Curry,2,860,1720
1353,17-04-2023,Customer_83,West,Healthy,Curry,1,130,130
1354,18-04-2023,Customer_227,North,Continental,Steak,4,634,2536
1355,18-04-2023,Customer_283,North,Continental,Curry,2,525,1050
1356,18-04-2023,Customer_219,North,Fast Food,Burger,3,493,1479
1357,19-04-2023,Customer_288,East,Continental,Curry,4,771,3084
1358,19-04-2023,Customer_5,South,Asian,Curry,5,462,2310
1359,19-04-2023,Customer_58,South,Healthy,Sushi,1,536,536
1360,19-04-2023,Customer_39,West,Main Course,Burger,5,769,3845
1361,20-04-2023,Customer_77,North,Main Course,Curry,4,650,2600
1362,20-04-2023,Customer_280,East,Main Course,Pizza,4,181,724
1363,20-04-2023,Customer_19,South,Asian,Burger,4,455,1820
1364,21-04-2023,Customer_190,East,Main Course,Tacos,5,357,1785
1365,21-04-2023,Customer_299,North,Main Course,Tacos,4,817,3268
1366,21-04-2023,Customer_283,North,Fast Food,Pizza,5,688,3440
1367,22-04-2023,Customer_76,South,Asian,Noodles,4,623,2492
1368,22-04-2023,Customer_221,West,Asian,Noodles,3,394,1182
1369,22-04-2023,Customer_66,West,Main Course,Pizza,4,323,1292
1370,23-04-2023,Customer_22,North,Asian,Burger,5,624,3120
1371,23-04-2023,Customer_158,North,Fast Food,Steak,2,145,290
1372,23-04-2023,Customer_187,West,Fast Food,Steak,4,766,3064
1373,23-04-2023,Customer_21,North,Healthy,Salad,2,212,424
1374,24-04-2023,Customer_184,South,Fast Food,Noodles,3,332,996
1375,24-04-2023,Customer_108,South,Healthy,Noodles,1,116,116
1376,24-04-2023,Customer_128,East,Main Course,Sandwich,3,459,1377
1377,25-04-2023,Customer_53,West,Healthy,Curry,4,322,1288
1378,25-04-2023,Customer_182,North,Healthy,Sushi,2,965,1930
1379,25-04-2023,Customer_287,East,Main Course,Sushi,2,799,1598
1380,26-04-2023,Customer_209,South,Healthy,Pizza,5,547,2735
1381,26-04-2023,Customer_80,West,Fast Food,Sandwich,2,955,1910
1382,26-04-2023,Customer_122,South,Main Course,Curry,5,464,2320
1383,26-04-2023,Customer_84,North,Asian,Sushi,1,774,774
1384,27-04-2023,Customer_91,East,Healthy,Noodles,4,425,1700
1385,27-04-2023,Customer_212,North,Fast Food,Steak,5,566,2830
1386,27-04-2023,Customer_13,North,Asian,Steak,1,513,513
1387,28-04-2023,Customer_92,West,Main Course,Curry,2,554,1108
1388,28-04-2023,Customer_171,West,Main Course,Sushi,2,685,1370
1389,28-04-2023,Customer_211,North,Main Course,Curry,1,332,332
1390,29-04-2023,Customer_128,West,Fast Food,Burger,2,323,646
1391,29-04-2023,Customer_137,East,Asian,Burger,1,930,930
1392,29-04-2023,Customer_82,East,Main Course,Sandwich,5,511,2555
1393,30-04-2023,Customer_56,North,Fast Food,Pizza,5,671,3355
1394,30-04-2023,Customer_196,East,Continental,Sushi,1,434,434
1395,30-04-2023,Customer_20,North,Fast Food,Sushi,5,321,1605
1396,30-04-2023,Customer_241,East,Continental,Salad,5,136,680
1397,01-05-2023,Customer_114,South,Asian,Noodles,5,377,1885
1398,01-05-2023,Customer_103,North,Main Course,Noodles,3,295,885
1399,01-05-2023,Customer_236,East,Main Course,Sushi,4,963,3852
1400,02-05-2023,Customer_180,South,Healthy,Burger,2,583,1166
1401,02-05-2023,Customer_157,North,Main Course,Pizza,3,341,1023
1402,02-05-2023,Customer_117,East,Asian,Pasta,5,423,2115
1403,03-05-2023,Customer_115,East,Fast Food,Curry,1,830,830
1404,03-05-2023,Customer_13,South,Asian,Pasta,5,291,1455
1405,03-05-2023,Customer_99,West,Main Course,Tacos,4,116,464
1406,03-05-2023,Customer_205,West,Fast Food,Burger,5,623,3115
1407,04-05-2023,Customer_169,South,Asian,Salad,1,500,500
1408,04-05-2023,Customer_143,South,Main Course,Steak,4,985,3940
1409,04-05-2023,Customer_36,North,Main Course,Sandwich,5,804,4020
1410,05-05-2023,Customer_143,West,Main Course,Sandwich,4,121,484
1411,05-05-2023,Customer_180,North,Healthy,Burger,2,573,1146
1412,05-05-2023,Customer_261,East,Healthy,Tacos,2,219,438
1413,06-05-2023,Customer_205,South,Healthy,Sandwich,5,309,1545
1414,06-05-2023,Customer_275,North,Fast Food,Curry,4,405,1620
1415,06-05-2023,Customer_170,South,Asian,Sandwich,1,369,369
1416,06-05-2023,Customer_15,North,Fast Food,Sushi,5,803,4015
1417,07-05-2023,Customer_60,East,Fast Food,Burger,2,786,1572
1418,07-05-2023,Customer_134,East,Main Course,Tacos,2,384,768
1419,07-05-2023,Customer_92,West,Continental,Pizza,5,815,4075
1420,08-05-2023,Customer_298,West,Continental,Steak,4,775,3100
1421,08-05-2023,Customer_136,East,Main Course,Burger,2,862,1724
1422,08-05-2023,Customer_20,North,Continental,Curry,4,326,1304
1423,09-05-2023,Customer_56,South,Fast Food,Curry,2,480,960
1424,09-05-2023,Customer_223,East,Asian,Steak,2,559,1118
1425,09-05-2023,Customer_177,East,Healthy,Noodles,3,106,318
1426,10-05-2023,Customer_161,North,Fast Food,Pasta,2,128,256
1427,10-05-2023,Customer_224,East,Fast Food,Curry,1,132,132
1428,10-05-2023,Customer_262,East,Asian,Pizza,5,745,3725
1429,10-05-2023,Customer_60,North,Continental,Noodles,5,978,4890
1430,11-05-2023,Customer_198,East,Asian,Pizza,4,178,712
1431,11-05-2023,Customer_296,West,Fast Food,Noodles,2,558,1116
1432,11-05-2023,Customer_98,West,Main Course,Tacos,1,669,669
1433,12-05-2023,Customer_131,West,Main Course,Steak,4,637,2548
1434,12-05-2023,Customer_23,West,Fast Food,Curry,3,581,1743
1435,12-05-2023,Customer_224,East,Main Course,Noodles,4,529,2116
1436,13-05-2023,Customer_1,South,Continental,Pasta,4,837,3348
1437,13-05-2023,Customer_267,West,Asian,Steak,2,384,768
1438,13-05-2023,Customer_276,West,Healthy,Pasta,3,615,1845
1439,13-05-2023,Customer_101,East,Asian,Pasta,4,198,792
1440,14-05-2023,Customer_187,East,Healthy,Burger,1,496,496
1441,14-05-2023,Customer_221,North,Fast Food,Tacos,1,588,588
1442,14-05-2023,Customer_36,West,Fast Food,Steak,5,138,690
1443,15-05-2023,Customer_170,North,Healthy,Steak,3,370,1110
1444,15-05-2023,Customer_161,West,Main Course,Sushi,3,986,2958
1445,15-05-2023,Customer_64,South,Fast Food,Noodles,5,896,4480
1446,16-05-2023,Customer_154,East,Continental,Tacos,4,256,1024
1447,16-05-2023,Customer_260,East,Continental,Tacos,3,174,522
1448,16-05-2023,Customer_159,North,Continental,Steak,1,983,983
1449,17-05-2023,Customer_210,North,Continental,Sandwich,1,899,899
1450,17-05-2023,Customer_168,East,Healthy,Salad,2,229,458
1451,17-05-2023,Customer_207,East,Main Course,Tacos,3,786,2358
1452,17-05-2023,Customer_152,East,Healthy,Sushi,4,183,732
1453,18-05-2023,Customer_284,West,Fast Food,Salad,5,121,605
1454,18-05-2023,Customer_66,West,Continental,Curry,5,558,2790
1455,18-05-2023,Customer_99,South,Continental,Pasta,4,638,2552
1456,19-05-2023,Customer_216,West,Continental,Pasta,2,806,1612
1457,19-05-2023,Customer_195,East,Fast Food,Tacos,5,948,4740
1458,19-05-2023,Customer_90,West,Asian,Steak,3,481,1443
1459,20-05-2023,Customer_292,North,Healthy,Noodles,2,847,1694
1460,20-05-2023,Customer_155,East,Main Course,Salad,3,539,1617
1461,20-05-2023,Customer_208,West,Fast Food,Noodles,1,703,703
1462,20-05-2023,Customer_281,East,Asian,Sushi,2,120,240
1463,21-05-2023,Customer_1,North,Asian,Noodles,5,402,2010
1464,21-05-2023,Customer_156,North,Main Course,Sandwich,2,968,1936
1465,21-05-2023,Customer_147,West,Fast Food,Sandwich,2,183,366
1466,22-05-2023,Customer_108,East,Asian,Sandwich,2,873,1746
1467,22-05-2023,Customer_221,South,Continental,Steak,2,758,1516
1468,22-05-2023,Customer_297,North,Main Course,Salad,3,552,1656
1469,23-05-2023,Customer_165,South,Continental,Sushi,1,486,486
1470,23-05-2023,Customer_239,West,Main Course,Pasta,4,606,2424
1471,23-05-2023,Customer_227,North,Healthy,Pasta,2,356,712
1472,23-05-2023,Customer_227,South,Healthy,Noodles,5,669,3345
1473,24-05-2023,Customer_110,North,Fast Food,Noodles,2,991,1982
1474,24-05-2023,Customer_262,South,Asian,Sushi,5,626,3130
1475,24-05-2023,Customer_243,East,Continental,Burger,3,261,783
1476,25-05-2023,Customer_87,East,Asian,Sushi,5,262,1310
1477,25-05-2023,Customer_44,West,Healthy,Noodles,4,931,3724
1478,25-05-2023,Customer_146,North,Continental,Curry,1,892,892
1479,26-05-2023,Customer_264,South,Fast Food,Steak,5,891,4455
1480,26-05-2023,Customer_172,West,Asian,Steak,5,623,3115
1481,26-05-2023,Customer_48,East,Main Course,Tacos,1,885,885
1482,27-05-2023,Customer_121,East,Main Course,Noodles,4,370,1480
1483,27-05-2023,Customer_159,West,Continental,Salad,2,591,1182
1484,27-05-2023,Customer_116,North,Main Course,Tacos,5,307,1535
1485,27-05-2023,Customer_102,South,Main Course,Pizza,1,638,638
1486,28-05-2023,Customer_76,East,Healthy,Noodles,3,683,2049
1487,28-05-2023,Customer_13,West,Fast Food,Burger,1,159,159
1488,28-05-2023,Customer_24,East,Main Course,Pizza,3,529,1587
1489,29-05-2023,Customer_126,East,Main Course,Tacos,4,756,3024
1490,29-05-2023,Customer_244,South,Asian,Pasta,2,704,1408
1491,29-05-2023,Customer_38,North,Continental,Pizza,1,408,408
1492,30-05-2023,Customer_234,North,Healthy,Pizza,5,619,3095
1493,30-05-2023,Customer_213,South,Continental,Sandwich,4,690,2760
1494,30-05-2023,Customer_295,West,Asian,Salad,1,126,126
1495,30-05-2023,Customer_100,West,Asian,Pasta,5,785,3925
1496,31-05-2023,Customer_197,North,Asian,Salad,1,661,661
1497,31-05-2023,Customer_254,East,Main Course,Salad,3,298,894
1498,31-05-2023,Customer_205,East,Continental,Pasta,1,486,486
1499,01-06-2023,Customer_125,West,Continental,Pizza,1,448,448
1500,01-06-2023,Customer_76,South,Continental,Salad,1,792,792
1501,01-06-2023,Customer_3,East,Fast Food,Sandwich,4,635,2540
1502,02-06-2023,Customer_55,West,Healthy,Noodles,1,927,927
1503,02-06-2023,Customer_218,South,Main Course,Pizza,5,477,2385
1504,02-06-2023,Customer_113,North,Healthy,Sushi,3,998,2994
1505,03-06-2023,Customer_91,South,Main Course,Curry,3,657,1971
1506,03-06-2023,Customer_266,North,Continental,Burger,1,626,626
1507,03-06-2023,Customer_238,West,Fast Food,Steak,4,252,1008
1508,03-06-2023,Customer_26,South,Fast Food,Noodles,4,833,3332
1509,04-06-2023,Customer_286,West,Continental,Sandwich,5,305,1525
1510,04-06-2023,Customer_128,North,Healthy,Noodles,1,554,554
1511,04-06-2023,Customer_63,East,Asian,Tacos,3,372,1116
1512,05-06-2023,Customer_234,East,Continental,Sandwich,4,993,3972
1513,05-06-2023,Customer_69,North,Main Course,Noodles,1,335,335
1514,05-06-2023,Customer_238,East,Healthy,Salad,4,951,3804
1515,06-06-2023,Customer_272,East,Asian,Pizza,4,839,3356
1516,06-06-2023,Customer_287,South,Fast Food,Tacos,3,620,1860
1517,06-06-2023,Customer_163,South,Main Course,Tacos,2,777,1554
1518,06-06-2023,Customer_227,East,Fast Food,Tacos,5,930,4650
1519,07-06-2023,Customer_259,South,Main Course,Sushi,5,825,4125
1520,07-06-2023,Customer_219,North,Asian,Noodles,3,600,1800
1521,07-06-2023,Customer_281,South,Main Course,Pizza,4,216,864
1522,08-06-2023,Customer_229,South,Asian,Pizza,1,485,485
1523,08-06-2023,Customer_82,South,Continental,Salad,4,443,1772
1524,08-06-2023,Customer_244,West,Continental,Sandwich,3,683,2049
1525,09-06-2023,Customer_231,North,Main Course,Steak,5,494,2470
1526,09-06-2023,Customer_133,East,Healthy,Curry,4,163,652
1527,09-06-2023,Customer_127,East,Fast Food,Sandwich,5,816,4080
1528,09-06-2023,Customer_142,West,Main Course,Sushi,1,820,820
1529,10-06-2023,Customer_267,South,Main Course,Steak,5,171,855
1530,10-06-2023,Customer_249,North,Fast Food,Noodles,5,888,4440
1531,10-06-2023,Customer_123,North,Main Course,Steak,2,373,746
1532,11-06-2023,Customer_141,East,Fast Food,Sandwich,2,419,838
1533,11-06-2023,Customer_226,West,Asian,Sandwich,2,437,874
1534,11-06-2023,Customer_40,West,Healthy,Salad,5,465,2325
1535,12-06-2023,Customer_147,West,Continental,Curry,3,594,1782
1536,12-06-2023,Customer_121,West,Continental,Pasta,5,706,3530
1537,12-06-2023,Customer_140,North,Healthy,Burger,3,265,795
1538,13-06-2023,Customer_172,South,Fast Food,Pasta,3,643,1929
1539,13-06-2023,Customer_164,East,Healthy,Pasta,2,110,220
1540,13-06-2023,Customer_277,North,Fast Food,Noodles,4,400,1600
1541,13-06-2023,Customer_42,West,Healthy,Burger,1,828,828
1542,14-06-2023,Customer_71,West,Main Course,Tacos,2,900,1800
1543,14-06-2023,Customer_78,East,Main Course,Pizza,2,201,402
1544,14-06-2023,Customer_119,South,Healthy,Tacos,4,524,2096
1545,15-06-2023,Customer_197,South,Asian,Salad,1,491,491
1546,15-06-2023,Customer_79,South,Healthy,Noodles,5,878,4390
1547,15-06-2023,Customer_110,West,Continental,Salad,5,313,1565
1548,16-06-2023,Customer_33,North,Main Course,Pasta,2,790,1580
1549,16-06-2023,Customer_213,North,Healthy,Pasta,1,187,187
1550,16-06-2023,Customer_209,South,Continental,Steak,2,652,1304
1551,16-06-2023,Customer_170,East,Main Course,Salad,3,500,1500
1552,17-06-2023,Customer_278,South,Asian,Pizza,2,687,1374
1553,17-06-2023,Customer_239,South,Asian,Sushi,2,988,1976
1554,17-06-2023,Customer_213,East,Continental,Curry,5,145,725
1555,18-06-2023,Customer_32,South,Healthy,Pasta,5,771,3855
1556,18-06-2023,Customer_106,East,Main Course,Pizza,5,562,2810
1557,18-06-2023,Customer_216,East,Asian,Pasta,3,691,2073
1558,19-06-2023,Customer_200,North,Continental,Sushi,5,409,2045
1559,19-06-2023,Customer_300,East,Fast Food,Steak,1,185,185
1560,19-06-2023,Customer_11,South,Healthy,Pizza,4,191,764
1561,20-06-2023,Customer_295,East,Fast Food,Steak,1,759,759
1562,20-06-2023,Customer_195,South,Healthy,Salad,1,772,772
1563,20-06-2023,Customer_245,East,Main Course,Curry,5,813,4065
1564,20-06-2023,Customer_4,North,Continental,Steak,4,341,1364
1565,21-06-2023,Customer_181,South,Main Course,Noodles,4,964,3856
1566,21-06-2023,Customer_153,South,Fast Food,Sushi,4,101,404
1567,21-06-2023,Customer_200,South,Continental,Burger,3,324,972
1568,22-06-2023,Customer_215,East,Main Course,Sushi,5,900,4500
1569,22-06-2023,Customer_276,North,Main Course,Noodles,4,844,3376
1570,22-06-2023,Customer_280,North,Main Course,Sandwich,3,688,2064
1571,23-06-2023,Customer_113,North,Fast Food,Pasta,2,215,430
1572,23-06-2023,Customer_250,North,Main Course,Noodles,2,765,1530
1573,23-06-2023,Customer_113,East,Asian,Burger,3,202,606
1574,23-06-2023,Customer_140,South,Healthy,Noodles,3,293,879
1575,24-06-2023,Customer_224,West,Asian,Pasta,5,265,1325
1576,24-06-2023,Customer_249,North,Fast Food,Tacos,5,970,4850
1577,24-06-2023,Customer_15,West,Fast Food,Noodles,2,189,378
1578,25-06-2023,Customer_200,East,Main Course,Noodles,4,785,3140
1579,25-06-2023,Customer_173,East,Continental,Tacos,2,221,442
1580,25-06-2023,Customer_208,West,Asian,Burger,4,242,968
1581,26-06-2023,Customer_85,South,Fast Food,Sushi,4,205,820
1582,26-06-2023,Customer_240,West,Healthy,Sandwich,5,986,4930
1583,26-06-2023,Customer_66,East,Fast Food,Sandwich,1,527,527
1584,26-06-2023,Customer_274,West,Asian,Sushi,1,404,404
1585,27-06-2023,Customer_14,North,Healthy,Sushi,3,971,2913
1586,27-06-2023,Customer_202,North,Healthy,Sushi,5,416,2080
1587,27-06-2023,Customer_289,South,Main Course,Salad,4,734,2936
1588,28-06-2023,Customer_14,West,Continental,Sandwich,1,108,108
1589,28-06-2023,Customer_43,West,Healthy,Steak,4,873,3492
1590,28-06-2023,Customer_220,West,Main Course,Noodles,1,172,172
1591,29-06-2023,Customer_70,West,Continental,Curry,1,458,458
1592,29-06-2023,Customer_237,South,Main Course,Noodles,1,322,322
1593,29-06-2023,Customer_94,East,Fast Food,Pizza,5,515,2575
1594,30-06-2023,Customer_26,South,Fast Food,Burger,2,652,1304
1595,30-06-2023,Customer_134,East,Continental,Sushi,4,469,1876
1596,30-06-2023,Customer_195,East,Main Course,Curry,5,815,4075
1597,30-06-2023,Customer_168,East,Asian,Sandwich,5,363,1815
1598,01-07-2023,Customer_109,West,Main Course,Steak,5,939,4695
1599,01-07-2023,Customer_233,South,Asian,Steak,5,789,3945
1600,01-07-2023,Customer_168,East,Healthy,Sandwich,5,959,4795
1601,02-07-2023,Customer_173,North,Healthy,Pizza,3,417,1251
1602,02-07-2023,Customer_195,East,Healthy,Sushi,4,183,732
1603,02-07-2023,Customer_143,South,Main Course,Tacos,5,417,2085
1604,03-07-2023,Customer_216,West,Continental,Burger,4,210,840
1605,03-07-2023,Customer_130,North,Asian,Tacos,3,350,1050
1606,03-07-2023,Customer_42,East,Main Course,Salad,3,482,1446
1607,03-07-2023,Customer_241,West,Healthy,Noodles,4,106,424
1608,04-07-2023,Customer_10,South,Fast Food,Salad,1,558,558
1609,04-07-2023,Customer_277,South,Healthy,Pizza,2,183,366
1610,04-07-2023,Customer_27,North,Continental,Noodles,1,307,307
1611,05-07-2023,Customer_180,North,Healthy,Sushi,1,999,999
1612,05-07-2023,Customer_115,East,Continental,Noodles,1,489,489
1613,05-07-2023,Customer_36,West,Fast Food,Noodles,5,413,2065
1614,06-07-2023,Customer_21,West,Asian,Curry,3,121,363
1615,06-07-2023,Customer_16,South,Healthy,Curry,1,509,509
1616,06-07-2023,Customer_127,South,Continental,Pizza,3,994,2982
1617,07-07-2023,Customer_103,East,Asian,Salad,4,614,2456
1618,07-07-2023,Customer_11,East,Fast Food,Sandwich,2,226,452
1619,07-07-2023,Customer_79,South,Continental,Sushi,4,908,3632
1620,07-07-2023,Customer_123,South,Fast Food,Noodles,4,799,3196
1621,08-07-2023,Customer_65,West,Fast Food,Burger,5,973,4865
1622,08-07-2023,Customer_243,West,Main Course,Burger,2,113,226
1623,08-07-2023,Customer_59,West,Asian,Pasta,4,111,444
1624,09-07-2023,Customer_289,East,Main Course,Noodles,4,186,744
1625,09-07-2023,Customer_112,West,Fast Food,Noodles,2,623,1246
1626,09-07-2023,Customer_239,North,Continental,Pizza,2,636,1272
1627,10-07-2023,Customer_132,North,Healthy,Burger,4,400,1600
1628,10-07-2023,Customer_189,West,Main Course,Sandwich,2,342,684
1629,10-07-2023,Customer_86,West,Healthy,Sandwich,4,221,884
1630,10-07-2023,Customer_59,South,Main Course,Tacos,4,246,984
1631,11-07-2023,Customer_84,South,Asian,Burger,5,666,3330
1632,11-07-2023,Customer_160,East,Healthy,Sandwich,1,849,849
1633,11-07-2023,Customer_56,North,Main Course,Noodles,4,455,1820
1634,12-07-2023,Customer_297,North,Fast Food,Tacos,3,784,2352
1635,12-07-2023,Customer_14,East,Continental,Burger,1,832,832
1636,12-07-2023,Customer_160,West,Fast Food,Pasta,1,730,730
1637,13-07-2023,Customer_295,West,Asian,Pizza,1,408,408
1638,13-07-2023,Customer_193,East,Asian,Curry,5,794,3970
1639,13-07-2023,Customer_204,North,Main Course,Sushi,4,387,1548
1640,13-07-2023,Customer_102,North,Fast Food,Pizza,5,406,2030
1641,14-07-2023,Customer_39,West,Healthy,Burger,4,911,3644
1642,14-07-2023,Customer_125,South,Main Course,Burger,5,693,3465
1643,14-07-2023,Customer_53,East,Main Course,Pizza,5,822,4110
1644,15-07-2023,Customer_155,East,Fast Food,Pasta,3,761,2283
1645,15-07-2023,Customer_62,West,Continental,Salad,5,648,3240
1646,15-07-2023,Customer_290,East,Asian,Noodles,2,451,902
1647,16-07-2023,Customer_22,North,Healthy,Burger,3,411,1233
1648,16-07-2023,Customer_178,West,Asian,Steak,5,972,4860
1649,16-07-2023,Customer_273,North,Main Course,Sandwich,1,158,158
1650,17-07-2023,Customer_220,South,Continental,Salad,2,742,1484
1651,17-07-2023,Customer_190,East,Main Course,Tacos,2,813,1626
1652,17-07-2023,Customer_36,East,Continental,Tacos,2,854,1708
1653,17-07-2023,Customer_260,North,Fast Food,Curry,3,134,402
1654,18-07-2023,Customer_175,West,Asian,Tacos,5,544,2720
1655,18-07-2023,Customer_7,West,Main Course,Tacos,5,192,960
1656,18-07-2023,Customer_216,East,Continental,Sushi,1,306,306
1657,19-07-2023,Customer_251,North,Continental,Pizza,1,452,452
1658,19-07-2023,Customer_55,South,Main Course,Tacos,2,431,862
1659,19-07-2023,Customer_222,North,Asian,Burger,1,916,916
1660,20-07-2023,Customer_186,West,Fast Food,Noodles,3,961,2883
1661,20-07-2023,Customer_236,East,Fast Food,Pizza,5,824,4120
1662,20-07-2023,Customer_79,East,Healthy,Steak,2,258,516
1663,20-07-2023,Customer_223,East,Healthy,Burger,1,123,123
1664,21-07-2023,Customer_91,South,Healthy,Steak,3,503,1509
1665,21-07-2023,Customer_268,South,Asian,Pizza,3,904,2712
1666,21-07-2023,Customer_139,West,Healthy,Burger,1,615,615
1667,22-07-2023,Customer_276,North,Healthy,Sushi,5,831,4155
1668,22-07-2023,Customer_248,North,Asian,Noodles,1,463,463
1669,22-07-2023,Customer_239,North,Healthy,Burger,2,481,962
1670,23-07-2023,Customer_224,South,Fast Food,Salad,1,631,631
1671,23-07-2023,Customer_138,East,Main Course,Salad,3,251,753
1672,23-07-2023,Customer_166,West,Fast Food,Steak,1,661,661
1673,24-07-2023,Customer_126,West,Fast Food,Burger,5,788,3940
1674,24-07-2023,Customer_45,South,Continental,Salad,4,707,2828
1675,24-07-2023,Customer_143,South,Main Course,Curry,1,716,716
1676,24-07-2023,Customer_231,East,Fast Food,Tacos,5,519,2595
1677,25-07-2023,Customer_125,East,Main Course,Tacos,5,349,1745
1678,25-07-2023,Customer_238,South,Fast Food,Pizza,3,216,648
1679,25-07-2023,Customer_292,West,Asian,Curry,5,965,4825
1680,26-07-2023,Customer_195,East,Asian,Pasta,5,611,3055
1681,26-07-2023,Customer_173,East,Healthy,Noodles,5,839,4195
1682,26-07-2023,Customer_15,West,Asian,Sandwich,5,677,3385
1683,27-07-2023,Customer_254,East,Main Course,Pasta,2,434,868
1684,27-07-2023,Customer_167,West,Continental,Tacos,2,517,1034
1685,27-07-2023,Customer_94,North,Healthy,Noodles,3,873,2619
1686,27-07-2023,Customer_250,East,Fast Food,Salad,1,394,394
1687,28-07-2023,Customer_109,East,Asian,Pasta,5,854,4270
1688,28-07-2023,Customer_182,North,Healthy,Salad,1,470,470
1689,28-07-2023,Customer_133,West,Asian,Sushi,1,285,285
1690,29-07-2023,Customer_175,East,Healthy,Pizza,3,345,1035
1691,29-07-2023,Customer_144,North,Main Course,Noodles,5,736,3680
1692,29-07-2023,Customer_142,West,Main Course,Noodles,5,367,1835
1693,30-07-2023,Customer_285,East,Fast Food,Pasta,4,742,2968
1694,30-07-2023,Customer_6,South,Healthy,Burger,1,336,336
1695,30-07-2023,Customer_265,North,Continental,Pizza,1,629,629
1696,30-07-2023,Customer_98,West,Main Course,Pizza,2,651,1302
1697,31-07-2023,Customer_44,South,Fast Food,Steak,4,120,480
1698,31-07-2023,Customer_124,West,Healthy,Steak,2,836,1672
1699,31-07-2023,Customer_209,South,Fast Food,Tacos,2,966,1932
1700,01-08-2023,Customer_251,South,Main Course,Noodles,2,893,1786
1701,01-08-2023,Customer_285,North,Fast Food,Noodles,3,619,1857
1702,01-08-2023,Customer_124,North,Healthy,Burger,3,199,597
1703,02-08-2023,Customer_244,South,Asian,Salad,2,851,1702
1704,02-08-2023,Customer_252,North,Continental,Sandwich,4,577,2308
1705,02-08-2023,Customer_230,West,Main Course,Sushi,1,698,698
1706,03-08-2023,Customer_9,East,Healthy,Sandwich,4,397,1588
1707,03-08-2023,Customer_48,West,Healthy,Tacos,5,625,3125
1708,03-08-2023,Customer_151,South,Fast Food,Noodles,3,433,1299
1709,03-08-2023,Customer_114,West,Main Course,Pasta,1,101,101
1710,04-08-2023,Customer_208,South,Asian,Pasta,1,474,474
1711,04-08-2023,Customer_125,West,Asian,Pasta,5,392,1960
1712,04-08-2023,Customer_157,West,Continental,Sandwich,5,936,4680
1713,05-08-2023,Customer_298,North,Continental,Steak,2,652,1304
1714,05-08-2023,Customer_189,South,Fast Food,Salad,3,417,1251
1715,05-08-2023,Customer_243,South,Main Course,Sandwich,3,601,1803
1716,06-08-2023,Customer_284,East,Asian,Burger,4,927,3708
1717,06-08-2023,Customer_272,West,Main Course,Pasta,2,480,960
1718,06-08-2023,Customer_177,West,Fast Food,Steak,2,722,1444
1719,06-08-2023,Customer_218,East,Main Course,Pizza,2,113,226
1720,07-08-2023,Customer_282,South,Main Course,Noodles,2,603,1206
1721,07-08-2023,Customer_170,West,Main Course,Curry,3,330,990
1722,07-08-2023,Customer_181,East,Fast Food,Noodles,3,183,549
1723,08-08-2023,Customer_233,East,Fast Food,Burger,2,229,458
1724,08-08-2023,Customer_139,East,Fast Food,Salad,4,842,3368
1725,08-08-2023,Customer_157,West,Asian,Burger,1,937,937
1726,09-08-2023,Customer_129,South,Healthy,Salad,1,244,244
1727,09-08-2023,Customer_119,South,Main Course,Burger,4,990,3960
1728,09-08-2023,Customer_62,East,Continental,Sandwich,2,956,1912
1729,10-08-2023,Customer_99,East,Continental,Steak,3,127,381
1730,10-08-2023,Customer_162,South,Healthy,Curry,1,165,165
1731,10-08-2023,Customer_62,East,Main Course,Sushi,5,262,1310
1732,10-08-2023,Customer_275,East,Main Course,Sushi,5,328,1640
1733,11-08-2023,Customer_95,South,Main Course,Pasta,4,360,1440
1734,11-08-2023,Customer_99,West,Fast Food,Sandwich,2,548,1096
1735,11-08-2023,Customer_111,East,Asian,Burger,1,523,523
1736,12-08-2023,Customer_248,West,Fast Food,Salad,2,559,1118
1737,12-08-2023,Customer_142,East,Main Course,Steak,1,775,775
1738,12-08-2023,Customer_269,East,Healthy,Burger,4,400,1600
1739,13-08-2023,Customer_145,East,Main Course,Sandwich,4,402,1608
1740,13-08-2023,Customer_52,North,Main Course,Sushi,5,386,1930
1741,13-08-2023,Customer_100,West,Asian,Curry,2,494,988
1742,13-08-2023,Customer_152,West,Main Course,Curry,5,109,545
1743,14-08-2023,Customer_117,East,Fast Food,Sushi,2,806,1612
1744,14-08-2023,Customer_185,South,Continental,Steak,5,729,3645
1745,14-08-2023,Customer_92,East,Asian,Salad,3,369,1107
1746,15-08-2023,Customer_155,North,Asian,Steak,3,691,2073
1747,15-08-2023,Customer_8,East,Asian,Pasta,3,704,2112
1748,15-08-2023,Customer_274,North,Main Course,Steak,3,877,2631
1749,16-08-2023,Customer_65,East,Asian,Steak,1,943,943
1750,16-08-2023,Customer_141,West,Asian,Sushi,3,961,2883
1751,16-08-2023,Customer_24,East,Fast Food,Sushi,4,460,1840
1752,16-08-2023,Customer_28,West,Healthy,Tacos,4,356,1424
1753,17-08-2023,Customer_284,South,Fast Food,Pasta,1,232,232
1754,17-08-2023,Customer_150,South,Fast Food,Pizza,3,375,1125
1755,17-08-2023,Customer_65,East,Healthy,Sushi,3,875,2625
1756,18-08-2023,Customer_252,East,Healthy,Sandwich,3,782,2346
1757,18-08-2023,Customer_53,South,Asian,Sandwich,5,612,3060
1758,18-08-2023,Customer_7,North,Fast Food,Tacos,2,412,824
1759,19-08-2023,Customer_294,South,Main Course,Salad,5,675,3375
1760,19-08-2023,Customer_146,South,Continental,Sushi,2,985,1970
1761,19-08-2023,Customer_241,North,Continental,Pasta,3,383,1149
1762,20-08-2023,Customer_246,South,Continental,Sushi,3,220,660
1763,20-08-2023,Customer_226,South,Fast Food,Curry,5,206,1030
1764,20-08-2023,Customer_175,North,Healthy,Curry,5,786,3930
1765,20-08-2023,Customer_95,North,Asian,Curry,2,303,606
1766,21-08-2023,Customer_27,West,Asian,Sushi,4,264,1056
1767,21-08-2023,Customer_130,East,Continental,Salad,2,404,808
1768,21-08-2023,Customer_245,West,Asian,Curry,5,596,2980
1769,22-08-2023,Customer_59,North,Main Course,Noodles,5,731,3655
1770,22-08-2023,Customer_34,South,Main Course,Burger,1,655,655
1771,22-08-2023,Customer_206,North,Healthy,Pasta,5,923,4615
1772,23-08-2023,Customer_252,South,Asian,Steak,1,255,255
1773,23-08-2023,Customer_38,West,Fast Food,Burger,4,466,1864
1774,23-08-2023,Customer_296,West,Asian,Salad,2,818,1636
1775,23-08-2023,Customer_28,West,Fast Food,Pasta,2,719,1438
1776,24-08-2023,Customer_78,South,Continental,Noodles,1,350,350
1777,24-08-2023,Customer_77,East,Fast Food,Sandwich,2,981,1962
1778,24-08-2023,Customer_289,East,Continental,Salad,5,433,2165
1779,25-08-2023,Customer_156,East,Main Course,Burger,3,741,2223
1780,25-08-2023,Customer_44,North,Asian,Burger,1,610,610
1781,25-08-2023,Customer_128,North,Healthy,Pizza,2,392,784
1782,26-08-2023,Customer_61,South,Asian,Noodles,1,119,119
1783,26-08-2023,Customer_286,North,Continental,Pizza,1,381,381
1784,26-08-2023,Customer_214,South,Asian,Steak,3,896,2688
1785,27-08-2023,Customer_116,West,Healthy,Steak,5,100,500
1786,27-08-2023,Customer_268,South,Continental,Tacos,1,218,218
1787,27-08-2023,Customer_195,North,Continental,Steak,2,134,268
1788,27-08-2023,Customer_231,West,Healthy,Sandwich,4,297,1188
1789,28-08-2023,Customer_227,West,Asian,Pizza,1,584,584
1790,28-08-2023,Customer_153,South,Healthy,Noodles,1,856,856
1791,28-08-2023,Customer_220,East,Fast Food,Salad,3,158,474
1792,29-08-2023,Customer_157,North,Main Course,Noodles,5,936,4680
1793,29-08-2023,Customer_292,North,Healthy,Noodles,4,260,1040
1794,29-08-2023,Customer_31,East,Continental,Curry,2,790,1580
1795,30-08-2023,Customer_51,North,Fast Food,Pasta,4,305,1220
1796,30-08-2023,Customer_107,East,Main Course,Sushi,2,111,222
1797,30-08-2023,Customer_109,East,Healthy,Tacos,5,589,2945
1798,30-08-2023,Customer_136,West,Main Course,Sandwich,2,375,750
1799,31-08-2023,Customer_42,West,Asian,Steak,3,792,2376
1800,31-08-2023,Customer_81,South,Continental,Salad,3,341,1023
1801,31-08-2023,Customer_123,West,Healthy,Pasta,3,315,945
1802,01-09-2023,Customer_89,East,Continental,Curry,3,350,1050
1803,01-09-2023,Customer_283,South,Fast Food,Noodles,4,910,3640
1804,01-09-2023,Customer_39,North,Fast Food,Noodles,5,225,1125
1805,02-09-2023,Customer_81,East,Main Course,Burger,2,316,632
1806,02-09-2023,Customer_2,South,Fast Food,Tacos,2,405,810
1807,02-09-2023,Customer_210,West,Fast Food,Sushi,3,896,2688
1808,02-09-2023,Customer_231,East,Healthy,Noodles,3,284,852
1809,03-09-2023,Customer_241,South,Continental,Pizza,1,138,138
1810,03-09-2023,Customer_150,North,Main Course,Sandwich,5,322,1610
1811,03-09-2023,Customer_17,East,Fast Food,Steak,4,283,1132
1812,04-09-2023,Customer_119,East,Continental,Pasta,2,594,1188
1813,04-09-2023,Customer_148,South,Asian,Noodles,1,526,526
1814,04-09-2023,Customer_145,South,Healthy,Pasta,1,277,277
1815,05-09-2023,Customer_233,West,Fast Food,Curry,2,527,1054
1816,05-09-2023,Customer_37,West,Fast Food,Pasta,4,393,1572
1817,05-09-2023,Customer_120,East,Fast Food,Pasta,1,951,951
1818,06-09-2023,Customer_136,North,Continental,Steak,1,250,250
1819,06-09-2023,Customer_102,West,Healthy,Steak,5,483,2415
1820,06-09-2023,Customer_218,North,Healthy,Pasta,4,737,2948
1821,06-09-2023,Customer_59,South,Continental,Curry,1,912,912
1822,07-09-2023,Customer_279,South,Main Course,Sushi,4,407,1628
1823,07-09-2023,Customer_116,West,Healthy,Pizza,2,435,870
1824,07-09-2023,Customer_77,East,Continental,Sandwich,3,845,2535
1825,08-09-2023,Customer_137,South,Continental,Curry,1,991,991
1826,08-09-2023,Customer_73,North,Fast Food,Sandwich,5,474,2370
1827,08-09-2023,Customer_37,East,Continental,Burger,2,107,214
1828,09-09-2023,Customer_31,West,Fast Food,Salad,4,440,1760
1829,09-09-2023,Customer_85,South,Asian,Sushi,2,228,456
1830,09-09-2023,Customer_158,West,Continental,Sandwich,1,875,875
1831,09-09-2023,Customer_292,East,Healthy,Pizza,4,768,3072
1832,10-09-2023,Customer_148,East,Fast Food,Sandwich,3,451,1353
1833,10-09-2023,Customer_225,East,Asian,Noodles,2,457,914
1834,10-09-2023,Customer_64,North,Main Course,Sushi,1,616,616
1835,11-09-2023,Customer_240,East,Main Course,Tacos,5,594,2970
1836,11-09-2023,Customer_156,East,Main Course,Curry,4,185,740
1837,11-09-2023,Customer_207,South,Fast Food,Curry,2,274,548
1838,12-09-2023,Customer_140,North,Continental,Pizza,2,901,1802
1839,12-09-2023,Customer_257,North,Fast Food,Pizza,3,292,876
1840,12-09-2023,Customer_277,West,Main Course,Sushi,3,410,1230
1841,13-09-2023,Customer_253,East,Continental,Burger,5,218,1090
1842,13-09-2023,Customer_225,South,Asian,Noodles,5,317,1585
1843,13-09-2023,Customer_42,West,Main Course,Salad,1,526,526
1844,13-09-2023,Customer_21,East,Healthy,Salad,1,513,513
1845,14-09-2023,Customer_222,North,Continental,Steak,5,213,1065
1846,14-09-2023,Customer_166,East,Fast Food,Noodles,5,244,1220
1847,14-09-2023,Customer_129,East,Fast Food,Steak,4,637,2548
1848,15-09-2023,Customer_14,South,Healthy,Pasta,3,747,2241
1849,15-09-2023,Customer_47,South,Fast Food,Tacos,1,402,402
1850,15-09-2023,Customer_118,South,Healthy,Tacos,3,843,2529
1851,16-09-2023,Customer_295,West,Main Course,Sushi,3,980,2940
1852,16-09-2023,Customer_11,South,Main Course,Steak,5,687,3435
1853,16-09-2023,Customer_138,West,Fast Food,Burger,4,939,3756
1854,16-09-2023,Customer_296,East,Continental,Noodles,2,444,888
1855,17-09-2023,Customer_21,West,Fast Food,Salad,4,913,3652
1856,17-09-2023,Customer_90,West,Main Course,Tacos,4,900,3600
1857,17-09-2023,Customer_241,South,Continental,Sandwich,3,100,300
1858,18-09-2023,Customer_266,South,Healthy,Noodles,4,246,984
1859,18-09-2023,Customer_227,North,Main Course,Tacos,1,386,386
1860,18-09-2023,Customer_143,West,Healthy,Sushi,3,753,2259
1861,19-09-2023,Customer_93,East,Asian,Sushi,1,152,152
1862,19-09-2023,Customer_300,North,Continental,Curry,2,403,806
1863,19-09-2023,Customer_224,North,Main Course,Curry,3,168,504
1864,19-09-2023,Customer_252,North,Healthy,Steak,2,460,920
1865,20-09-2023,Customer_47,South,Healthy,Pizza,3,701,2103
1866,20-09-2023,Customer_241,South,Healthy,Noodles,5,319,1595
1867,20-09-2023,Customer_179,South,Fast Food,Pasta,4,803,3212
1868,21-09-2023,Customer_210,East,Fast Food,Curry,5,674,3370
1869,21-09-2023,Customer_171,West,Asian,Pasta,2,684,1368
1870,21-09-2023,Customer_165,North,Asian,Sandwich,4,260,1040
1871,22-09-2023,Customer_54,South,Healthy,Burger,3,780,2340
1872,22-09-2023,Customer_83,West,Fast Food,Noodles,4,188,752
1873,22-09-2023,Customer_169,North,Continental,Salad,1,787,787
1874,23-09-2023,Customer_211,West,Continental,Sandwich,4,880,3520
1875,23-09-2023,Customer_254,North,Healthy,Pasta,1,684,684
1876,23-09-2023,Customer_148,West,Fast Food,Pasta,4,856,3424
1877,23-09-2023,Customer_206,South,Continental,Pasta,1,688,688
1878,24-09-2023,Customer_282,West,Fast Food,Sushi,2,258,516
1879,24-09-2023,Customer_19,West,Asian,Steak,5,588,2940
1880,24-09-2023,Customer_233,North,Healthy,Burger,3,423,1269
1881,25-09-2023,Customer_46,West,Healthy,Sandwich,4,709,2836
1882,25-09-2023,Customer_162,East,Fast Food,Tacos,5,480,2400
1883,25-09-2023,Customer_130,North,Fast Food,Sushi,3,201,603
1884,26-09-2023,Customer_166,West,Main Course,Burger,3,593,1779
1885,26-09-2023,Customer_60,East,Continental,Curry,1,743,743
1886,26-09-2023,Customer_207,North,Asian,Curry,2,713,1426
1887,26-09-2023,Customer_264,South,Continental,Curry,2,118,236
1888,27-09-2023,Customer_1,North,Main Course,Sandwich,5,553,2765
1889,27-09-2023,Customer_278,North,Fast Food,Steak,2,581,1162
1890,27-09-2023,Customer_237,West,Continental,Pasta,4,693,2772
1891,28-09-2023,Customer_212,East,Healthy,Tacos,2,496,992
1892,28-09-2023,Customer_28,North,Continental,Pizza,5,378,1890
1893,28-09-2023,Customer_97,North,Fast Food,Sandwich,2,950,1900
1894,29-09-2023,Customer_266,North,Continental,Pizza,4,464,1856
1895,29-09-2023,Customer_186,West,Main Course,Pasta,1,430,430
1896,29-09-2023,Customer_256,North,Asian,Steak,5,740,3700
1897,30-09-2023,Customer_227,East,Fast Food,Steak,1,443,443
1898,30-09-2023,Customer_27,West,Healthy,Pasta,1,921,921
1899,30-09-2023,Customer_105,South,Main Course,Pasta,1,554,554
1900,30-09-2023,Customer_137,South,Fast Food,Noodles,3,700,2100
1901,01-10-2023,Customer_282,West,Healthy,Pizza,3,824,2472
1902,01-10-2023,Customer_68,East,Healthy,Steak,1,754,754
1903,01-10-2023,Customer_148,West,Fast Food,Pasta,5,164,820
1904,02-10-2023,Customer_225,West,Main Course,Pizza,4,175,700
1905,02-10-2023,Customer_249,West,Healthy,Pasta,4,810,3240
1906,02-10-2023,Customer_63,West,Asian,Salad,2,242,484
1907,03-10-2023,Customer_15,North,Main Course,Pasta,5,927,4635
1908,03-10-2023,Customer_123,South,Healthy,Noodles,3,704,2112
1909,03-10-2023,Customer_82,East,Fast Food,Tacos,1,572,572
1910,03-10-2023,Customer_160,North,Fast Food,Steak,2,516,1032
1911,04-10-2023,Customer_283,South,Main Course,Steak,4,404,1616
1912,04-10-2023,Customer_8,West,Healthy,Pizza,3,835,2505
1913,04-10-2023,Customer_283,South,Healthy,Salad,3,596,1788
1914,05-10-2023,Customer_209,South,Main Course,Burger,1,390,390
1915,05-10-2023,Customer_48,North,Main Course,Sandwich,4,201,804
1916,05-10-2023,Customer_116,North,Main Course,Curry,5,366,1830
1917,06-10-2023,Customer_59,East,Asian,Steak,3,966,2898
1918,06-10-2023,Customer_237,West,Asian,Curry,1,721,721
1919,06-10-2023,Customer_61,West,Asian,Curry,5,941,4705
1920,06-10-2023,Customer_79,West,Fast Food,Pasta,4,876,3504
1921,07-10-2023,Customer_256,South,Asian,Sandwich,3,102,306
1922,07-10-2023,Customer_150,South,Asian,Tacos,5,184,920
1923,07-10-2023,Customer_261,West,Asian,Steak,5,893,4465
1924,08-10-2023,Customer_140,East,Healthy,Pasta,5,427,2135
1925,08-10-2023,Customer_213,South,Continental,Steak,3,915,2745
1926,08-10-2023,Customer_248,East,Asian,Pasta,3,549,1647
1927,09-10-2023,Customer_242,South,Main Course,Steak,2,553,1106
1928,09-10-2023,Customer_125,North,Asian,Noodles,4,728,2912
1929,09-10-2023,Customer_234,North,Continental,Salad,1,320,320
1930,10-10-2023,Customer_283,West,Fast Food,Pasta,5,253,1265
1931,10-10-2023,Customer_75,North,Fast Food,Sushi,2,764,1528
1932,10-10-2023,Customer_197,South,Asian,Curry,1,111,111
1933,10-10-2023,Customer_98,South,Main Course,Steak,2,232,464
1934,11-10-2023,Customer_261,North,Main Course,Steak,3,403,1209
1935,11-10-2023,Customer_70,North,Healthy,Burger,5,392,1960
1936,11-10-2023,Customer_36,North,Main Course,Sandwich,1,399,399
1937,12-10-2023,Customer_142,West,Healthy,Tacos,1,839,839
1938,12-10-2023,Customer_213,North,Healthy,Tacos,1,882,882
1939,12-10-2023,Customer_175,South,Main Course,Pasta,1,142,142
1940,13-10-2023,Customer_260,North,Main Course,Burger,1,442,442
1941,13-10-2023,Customer_137,West,Healthy,Pizza,2,425,850
1942,13-10-2023,Customer_2,West,Fast Food,Sandwich,5,913,4565
1943,13-10-2023,Customer_145,South,Asian,Noodles,3,597,1791
1944,14-10-2023,Customer_153,South,Fast Food,Noodles,3,463,1389
1945,14-10-2023,Customer_297,North,Main Course,Tacos,3,990,2970
1946,14-10-2023,Customer_251,South,Continental,Pasta,3,526,1578
1947,15-10-2023,Customer_77,East,Main Course,Steak,2,120,240
1948,15-10-2023,Customer_229,South,Healthy,Burger,4,506,2024
1949,15-10-2023,Customer_276,East,Continental,Pasta,5,718,3590
1950,16-10-2023,Customer_248,East,Continental,Curry,1,435,435
1951,16-10-2023,Customer_177,South,Asian,Steak,4,914,3656
1952,16-10-2023,Customer_171,East,Main Course,Steak,3,216,648
1953,17-10-2023,Customer_283,South,Asian,Pizza,4,223,892
1954,17-10-2023,Customer_279,South,Fast Food,Noodles,5,498,2490
1955,17-10-2023,Customer_194,West,Continental,Noodles,1,892,892
1956,17-10-2023,Customer_234,East,Asian,Burger,1,903,903
1957,18-10-2023,Customer_165,East,Fast Food,Burger,5,814,4070
1958,18-10-2023,Customer_97,North,Main Course,Curry,5,150,750
1959,18-10-2023,Customer_123,South,Main Course,Pasta,3,882,2646
1960,19-10-2023,Customer_293,West,Healthy,Steak,1,423,423
1961,19-10-2023,Customer_197,West,Fast Food,Noodles,4,888,3552
1962,19-10-2023,Customer_120,North,Fast Food,Pizza,2,240,480
1963,20-10-2023,Customer_211,East,Asian,Tacos,2,569,1138
1964,20-10-2023,Customer_23,West,Continental,Noodles,5,886,4430
1965,20-10-2023,Customer_163,East,Continental,Tacos,3,901,2703
1966,20-10-2023,Customer_243,West,Healthy,Sushi,2,433,866
1967,21-10-2023,Customer_196,West,Healthy,Pizza,1,992,992
1968,21-10-2023,Customer_198,South,Healthy,Noodles,5,472,2360
1969,21-10-2023,Customer_78,East,Fast Food,Tacos,4,663,2652
1970,22-10-2023,Customer_254,West,Main Course,Sandwich,5,593,2965
1971,22-10-2023,Customer_19,South,Main Course,Curry,4,638,2552
1972,22-10-2023,Customer_65,West,Asian,Tacos,5,768,3840
1973,23-10-2023,Customer_258,South,Continental,Sushi,5,850,4250
1974,23-10-2023,Customer_170,South,Continental,Steak,5,255,1275
1975,23-10-2023,Customer_52,East,Asian,Steak,4,390,1560
1976,23-10-2023,Customer_226,South,Fast Food,Burger,4,747,2988
1977,24-10-2023,Customer_52,West,Main Course,Tacos,5,243,1215
1978,24-10-2023,Customer_270,North,Healthy,Pasta,2,205,410
1979,24-10-2023,Customer_234,West,Main Course,Salad,3,519,1557
1980,25-10-2023,Customer_8,West,Asian,Curry,3,769,2307
1981,25-10-2023,Customer_74,South,Main Course,Sandwich,3,757,2271
1982,25-10-2023,Customer_210,West,Healthy,Burger,4,101,404
1983,26-10-2023,Customer_80,South,Continental,Salad,4,688,2752
1984,26-10-2023,Customer_39,East,Asian,Steak,2,743,1486
1985,26-10-2023,Customer_241,South,Fast Food,Noodles,3,189,567
1986,27-10-2023,Customer_136,East,Main Course,Tacos,3,444,1332
1987,27-10-2023,Customer_174,North,Main Course,Salad,5,449,2245
1988,27-10-2023,Customer_204,West,Fast Food,Sandwich,4,558,2232
1989,27-10-2023,Customer_42,East,Fast Food,Pizza,3,362,1086
1990,28-10-2023,Customer_169,North,Healthy,Pizza,2,450,900
1991,28-10-2023,Customer_274,South,Main Course,Steak,2,207,414
1992,28-10-2023,Customer_195,North,Asian,Noodles,3,685,2055
1993,29-10-2023,Customer_163,East,Main Course,Burger,4,138,552
1994,29-10-2023,Customer_250,West,Healthy,Noodles,2,258,516
1995,29-10-2023,Customer_278,North,Asian,Pizza,5,682,3410
1996,30-10-2023,Customer_19,North,Asian,Tacos,2,411,822
1997,30-10-2023,Customer_36,South,Asian,Sandwich,1,340,340
1998,30-10-2023,Customer_121,South,Healthy,Sushi,1,544,544
1999,30-10-2023,Customer_148,West,Main Course,Tacos,4,397,1588
2000,31-10-2023,Customer_117,South,Continental,Sushi,3,135,405
2001,31-10-2023,Customer_47,East,Asian,Burger,4,183,732
2002,31-10-2023,Customer_223,East,Fast Food,Pasta,4,551,2204
2003,01-11-2023,Customer_51,North,Healthy,Tacos,4,985,3940
2004,01-11-2023,Customer_52,South,Asian,Steak,4,874,3496
2005,01-11-2023,Customer_228,South,Healthy,Salad,5,921,4605
2006,02-11-2023,Customer_86,North,Fast Food,Salad,5,484,2420
2007,02-11-2023,Customer_154,West,Asian,Noodles,2,271,542
2008,02-11-2023,Customer_15,South,Main Course,Tacos,1,475,475
2009,03-11-2023,Customer_24,South,Healthy,Steak,4,784,3136
2010,03-11-2023,Customer_167,West,Asian,Sushi,2,461,922
2011,03-11-2023,Customer_29,South,Asian,Steak,1,658,658
2012,03-11-2023,Customer_151,East,Healthy,Salad,3,990,2970
2013,04-11-2023,Customer_184,East,Fast Food,Tacos,5,240,1200
2014,04-11-2023,Customer_192,West,Healthy,Sandwich,1,986,986
2015,04-11-2023,Customer_221,West,Continental,Tacos,3,217,651
2016,05-11-2023,Customer_75,East,Main Course,Noodles,1,376,376
2017,05-11-2023,Customer_126,East,Fast Food,Noodles,5,825,4125
2018,05-11-2023,Customer_272,East,Main Course,Curry,5,319,1595
2019,06-11-2023,Customer_211,East,Main Course,Pasta,2,125,250
2020,06-11-2023,Customer_290,West,Healthy,Sushi,4,620,2480
2021,06-11-2023,Customer_93,West,Continental,Noodles,1,882,882
2022,06-11-2023,Customer_88,North,Asian,Noodles,1,109,109
2023,07-11-2023,Customer_90,West,Continental,Curry,3,477,1431
2024,07-11-2023,Customer_41,East,Fast Food,Salad,5,732,3660
2025,07-11-2023,Customer_196,South,Continental,Salad,1,736,736
2026,08-11-2023,Customer_124,East,Main Course,Steak,5,781,3905
2027,08-11-2023,Customer_255,East,Asian,Sushi,1,683,683
2028,08-11-2023,Customer_299,West,Continental,Tacos,2,251,502
2029,09-11-2023,Customer_74,North,Asian,Pasta,4,819,3276
2030,09-11-2023,Customer_119,South,Continental,Burger,1,148,148
2031,09-11-2023,Customer_237,South,Asian,Sandwich,5,253,1265
2032,09-11-2023,Customer_131,North,Continental,Curry,2,958,1916
2033,10-11-2023,Customer_236,East,Fast Food,Pasta,1,392,392
2034,10-11-2023,Customer_131,West,Asian,Burger,3,679,2037
2035,10-11-2023,Customer_5,East,Healthy,Sandwich,4,149,596
2036,11-11-2023,Customer_239,South,Main Course,Noodles,1,763,763
2037,11-11-2023,Customer_148,South,Asian,Tacos,2,630,1260
2038,11-11-2023,Customer_280,East,Main Course,Sushi,3,711,2133
2039,12-11-2023,Customer_81,South,Continental,Noodles,2,159,318
2040,12-11-2023,Customer_38,West,Continental,Steak,2,266,532
2041,12-11-2023,Customer_227,South,Continental,Pizza,3,301,903
2042,13-11-2023,Customer_177,West,Continental,Pasta,2,956,1912
2043,13-11-2023,Customer_154,East,Continental,Tacos,3,245,735
2044,13-11-2023,Customer_218,East,Fast Food,Pizza,1,775,775
2045,13-11-2023,Customer_129,West,Main Course,Burger,3,538,1614
2046,14-11-2023,Customer_234,West,Asian,Pasta,3,341,1023
2047,14-11-2023,Customer_155,West,Fast Food,Curry,4,680,2720
2048,14-11-2023,Customer_102,South,Fast Food,Steak,3,786,2358
2049,15-11-2023,Customer_197,East,Fast Food,Tacos,3,660,1980
2050,15-11-2023,Customer_248,South,Fast Food,Burger,1,582,582
2051,15-11-2023,Customer_55,South,Fast Food,Burger,4,207,828
2052,16-11-2023,Customer_122,West,Main Course,Salad,5,325,1625
2053,16-11-2023,Customer_196,South,Asian,Sandwich,1,772,772
2054,16-11-2023,Customer_293,North,Main Course,Sushi,1,730,730
2055,16-11-2023,Customer_184,North,Asian,Burger,5,760,3800
2056,17-11-2023,Customer_295,North,Fast Food,Steak,3,761,2283
2057,17-11-2023,Customer_152,North,Fast Food,Pizza,2,531,1062
2058,17-11-2023,Customer_152,North,Continental,Tacos,4,904,3616
2059,18-11-2023,Customer_12,West,Healthy,Tacos,2,754,1508
2060,18-11-2023,Customer_203,South,Healthy,Steak,5,518,2590
2061,18-11-2023,Customer_141,South,Main Course,Noodles,1,554,554
2062,19-11-2023,Customer_5,North,Main Course,Salad,1,259,259
2063,19-11-2023,Customer_290,South,Asian,Steak,4,622,2488
2064,19-11-2023,Customer_26,North,Continental,Pizza,1,749,749
2065,20-11-2023,Customer_255,South,Asian,Pasta,1,689,689
2066,20-11-2023,Customer_147,West,Continental,Curry,4,176,704
2067,20-11-2023,Customer_118,East,Healthy,Curry,4,608,2432
2068,20-11-2023,Customer_181,North,Healthy,Pizza,5,540,2700
2069,21-11-2023,Customer_113,West,Continental,Sandwich,1,353,353
2070,21-11-2023,Customer_98,West,Asian,Noodles,1,869,869
2071,21-11-2023,Customer_129,North,Main Course,Salad,5,419,2095
2072,22-11-2023,Customer_71,North,Continental,Sandwich,3,902,2706
2073,22-11-2023,Customer_50,West,Continental,Pizza,3,362,1086
2074,22-11-2023,Customer_21,North,Continental,Steak,3,696,2088
2075,23-11-2023,Customer_159,North,Asian,Noodles,5,757,3785
2076,23-11-2023,Customer_226,East,Main Course,Noodles,1,934,934
2077,23-11-2023,Customer_18,East,Asian,Sandwich,5,653,3265
2078,23-11-2023,Customer_297,North,Fast Food,Steak,5,473,2365
2079,24-11-2023,Customer_187,West,Fast Food,Pasta,3,736,2208
2080,24-11-2023,Customer_68,South,Continental,Pizza,2,266,532
2081,24-11-2023,Customer_47,North,Continental,Sushi,1,852,852
2082,25-11-2023,Customer_152,North,Continental,Sandwich,3,558,1674
2083,25-11-2023,Customer_168,South,Main Course,Pizza,2,379,758
2084,25-11-2023,Customer_213,South,Main Course,Pasta,2,799,1598
2085,26-11-2023,Customer_90,South,Continental,Burger,4,401,1604
2086,26-11-2023,Customer_103,East,Main Course,Salad,1,630,630
2087,26-11-2023,Customer_68,East,Healthy,Tacos,2,679,1358
2088,26-11-2023,Customer_277,East,Continental,Sushi,3,317,951
2089,27-11-2023,Customer_188,West,Healthy,Tacos,4,201,804
2090,27-11-2023,Customer_272,North,Asian,Tacos,1,653,653
2091,27-11-2023,Customer_257,East,Healthy,Steak,5,387,1935
2092,28-11-2023,Customer_140,West,Asian,Sandwich,3,266,798
2093,28-11-2023,Customer_85,West,Asian,Noodles,2,720,1440
2094,28-11-2023,Customer_132,South,Continental,Pizza,2,135,270
2095,29-11-2023,Customer_247,South,Continental,Burger,3,843,2529
2096,29-11-2023,Customer_152,East,Asian,Burger,2,840,1680
2097,29-11-2023,Customer_174,North,Main Course,Noodles,4,452,1808
2098,30-11-2023,Customer_59,North,Fast Food,Salad,1,775,775
2099,30-11-2023,Customer_240,North,Healthy,Noodles,4,998,3992
2100,30-11-2023,Customer_39,West,Asian,Steak,2,172,344
2101,30-11-2023,Customer_73,West,Fast Food,Sushi,5,747,3735
2102,01-12-2023,Customer_116,West,Continental,Sushi,1,452,452
2103,01-12-2023,Customer_204,West,Continental,Salad,1,990,990
2104,01-12-2023,Customer_286,North,Asian,Sandwich,3,169,507
2105,02-12-2023,Customer_188,North,Main Course,Steak,3,524,1572
2106,02-12-2023,Customer_47,South,Asian,Sandwich,5,807,4035
2107,02-12-2023,Customer_203,North,Healthy,Curry,1,880,880
2108,03-12-2023,Customer_8,West,Fast Food,Tacos,5,660,3300
2109,03-12-2023,Customer_136,West,Main Course,Steak,3,927,2781
2110,03-12-2023,Customer_275,East,Asian,Pizza,3,741,2223
2111,03-12-2023,Customer_64,North,Healthy,Salad,1,616,616
2112,04-12-2023,Customer_233,North,Healthy,Pasta,4,527,2108
2113,04-12-2023,Customer_189,South,Main Course,Tacos,2,638,1276
2114,04-12-2023,Customer_135,South,Healthy,Noodles,3,259,777
2115,05-12-2023,Customer_300,West,Healthy,Burger,3,248,744
2116,05-12-2023,Customer_196,East,Healthy,Noodles,4,875,3500
2117,05-12-2023,Customer_191,North,Healthy,Burger,4,329,1316
2118,06-12-2023,Customer_56,North,Asian,Noodles,5,811,4055
2119,06-12-2023,Customer_120,East,Main Course,Salad,5,661,3305
2120,06-12-2023,Customer_242,North,Fast Food,Sushi,2,166,332
2121,07-12-2023,Customer_13,South,Fast Food,Burger,2,911,1822
2122,07-12-2023,Customer_288,East,Healthy,Noodles,1,480,480
2123,07-12-2023,Customer_168,North,Asian,Salad,5,157,785
2124,07-12-2023,Customer_114,South,Healthy,Noodles,3,358,1074
2125,08-12-2023,Customer_33,South,Healthy,Steak,5,441,2205
2126,08-12-2023,Customer_238,West,Asian,Salad,3,937,2811
2127,08-12-2023,Customer_155,North,Continental,Curry,4,229,916
2128,09-12-2023,Customer_210,East,Main Course,Tacos,5,826,4130
2129,09-12-2023,Customer_60,South,Fast Food,Steak,4,271,1084
2130,09-12-2023,Customer_72,South,Asian,Curry,2,869,1738
2131,10-12-2023,Customer_24,West,Fast Food,Sandwich,2,713,1426
2132,10-12-2023,Customer_20,East,Asian,Sushi,1,308,308
2133,10-12-2023,Customer_156,West,Asian,Curry,5,902,4510
2134,10-12-2023,Customer_253,South,Continental,Curry,4,453,1812
2135,11-12-2023,Customer_60,North,Healthy,Steak,3,570,1710
2136,11-12-2023,Customer_50,East,Main Course,Pizza,2,897,1794
2137,11-12-2023,Customer_121,North,Continental,Curry,2,215,430
2138,12-12-2023,Customer_276,North,Fast Food,Burger,3,363,1089
2139,12-12-2023,Customer_70,West,Main Course,Salad,4,761,3044
2140,12-12-2023,Customer_199,South,Healthy,Burger,4,911,3644
2141,13-12-2023,Customer_233,North,Continental,Tacos,5,541,2705
2142,13-12-2023,Customer_190,East,Asian,Sandwich,5,647,3235
2143,13-12-2023,Customer_277,West,Fast Food,Sandwich,1,552,552
2144,13-12-2023,Customer_215,East,Continental,Sushi,2,944,1888
2145,14-12-2023,Customer_80,North,Continental,Tacos,5,576,2880
2146,14-12-2023,Customer_213,East,Main Course,Sushi,4,386,1544
2147,14-12-2023,Customer_51,West,Fast Food,Noodles,3,402,1206
2148,15-12-2023,Customer_251,West,Fast Food,Noodles,4,410,1640
2149,15-12-2023,Customer_209,South,Fast Food,Pizza,2,307,614
2150,15-12-2023,Customer_144,East,Main Course,Salad,4,717,2868
2151,16-12-2023,Customer_17,West,Fast Food,Sandwich,1,545,545
2152,16-12-2023,Customer_190,West,Main Course,Salad,2,769,1538
2153,16-12-2023,Customer_112,South,Asian,Burger,3,732,2196
2154,17-12-2023,Customer_228,West,Main Course,Tacos,1,154,154
2155,17-12-2023,Customer_228,North,Healthy,Sushi,2,111,222
2156,17-12-2023,Customer_121,East,Fast Food,Burger,3,756,2268
2157,17-12-2023,Customer_186,South,Healthy,Noodles,1,499,499
2158,18-12-2023,Customer_51,North,Healthy,Pasta,1,747,747
2159,18-12-2023,Customer_189,North,Asian,Curry,2,614,1228
2160,18-12-2023,Customer_279,East,Continental,Sushi,5,755,3775
2161,19-12-2023,Customer_184,South,Asian,Sushi,1,641,641
2162,19-12-2023,Customer_32,West,Main Course,Sandwich,1,336,336
2163,19-12-2023,Customer_204,South,Main Course,Steak,3,378,1134
2164,20-12-2023,Customer_142,West,Fast Food,Salad,4,447,1788
2165,20-12-2023,Customer_98,East,Healthy,Pasta,2,726,1452
2166,20-12-2023,Customer_63,East,Asian,Sandwich,2,203,406
2167,20-12-2023,Customer_233,North,Continental,Curry,5,729,3645
2168,21-12-2023,Customer_47,North,Asian,Sandwich,5,616,3080
2169,21-12-2023,Customer_109,North,Fast Food,Sandwich,2,971,1942
2170,21-12-2023,Customer_11,East,Asian,Sandwich,5,347,1735
2171,22-12-2023,Customer_26,West,Continental,Salad,3,463,1389
2172,22-12-2023,Customer_171,East,Continental,Sandwich,2,420,840
2173,22-12-2023,Customer_125,East,Healthy,Sandwich,5,732,3660
2174,23-12-2023,Customer_65,North,Healthy,Sandwich,2,385,770
2175,23-12-2023,Customer_290,South,Fast Food,Sandwich,4,248,992
2176,23-12-2023,Customer_106,North,Healthy,Steak,1,183,183
2177,24-12-2023,Customer_36,South,Main Course,Sushi,2,505,1010
2178,24-12-2023,Customer_284,West,Healthy,Pasta,1,555,555
2179,24-12-2023,Customer_107,West,Main Course,Burger,5,842,4210
2180,24-12-2023,Customer_111,West,Asian,Burger,1,899,899
2181,25-12-2023,Customer_120,North,Main Course,Burger,2,260,520
2182,25-12-2023,Customer_169,North,Fast Food,Curry,4,883,3532
2183,25-12-2023,Customer_76,North,Continental,Steak,5,559,2795
2184,26-12-2023,Customer_2,East,Fast Food,Pizza,2,649,1298
2185,26-12-2023,Customer_142,North,Fast Food,Noodles,5,599,2995
2186,26-12-2023,Customer_75,East,Fast Food,Pizza,3,837,2511
2187,27-12-2023,Customer_67,West,Fast Food,Curry,1,608,608
2188,27-12-2023,Customer_277,North,Healthy,Sushi,3,753,2259
2189,27-12-2023,Customer_129,East,Asian,Steak,2,903,1806
2190,27-12-2023,Customer_90,West,Continental,Sushi,4,580,2320
2191,28-12-2023,Customer_57,West,Main Course,Curry,5,762,3810
2192,28-12-2023,Customer_14,North,Main Course,Steak,1,213,213
2193,28-12-2023,Customer_68,South,Asian,Salad,5,848,4240
2194,29-12-2023,Customer_8,South,Fast Food,Curry,2,677,1354
2195,29-12-2023,Customer_184,West,Fast Food,Pasta,5,460,2300
2196,29-12-2023,Customer_122,South,Continental,Noodles,1,440,440
2197,30-12-2023,Customer_166,South,Main Course,Salad,2,869,1738
2198,30-12-2023,Customer_9,East,Fast Food,Tacos,5,860,4300
2199,30-12-2023,Customer_90,East,Healthy,Sandwich,4,548,2192
2200,31-12-2023,Customer_136,East,Continental,Steak,2,942,1884
